# Real 8-word frames read by the plugin on a PS4, one per line, from HDRV telemetry packets
# (debug builds) of the udp_ground_truth_listener.py captures. The console's HDR setting was fixed
# for each capture, and neither game applies a change until restarted, so the source name says
# what the buffer really held. The hitman3_*_v36 files are from the first build of the check.
# source,t_seconds,w0,w1,w2,w3,w4,w5,w6,w7
hitman3_hdr_on_v36,3.26,00000000,00000000,00000000,00000000,00000000,00000000,00000000,00000000
hitman3_hdr_on_v36,4.31,00000000,00000000,00000000,00000000,00000000,00000000,00000000,00000000
hitman3_hdr_on_v36,4.79,c0000001,c0000000,c0000001,c0000402,c0000000,c0000000,c0200800,c0300000
hitman3_hdr_on_v36,5.43,c0000002,c0000002,c0100000,c0000000,c0200001,c0000001,c0000801,c0100800
hitman3_hdr_on_v36,6.53,c0000000,c0000800,c0000800,c0000000,c0100000,c0100400,c0000001,c0200000
hitman3_hdr_on_v36,7.62,c0100000,c0000001,c0000001,c0000002,c0000000,c0000000,c0000c04,c0100400
hitman3_hdr_on_v36,8.71,c0100400,c0000001,c0000c02,c0000800,c0100400,c0300c02,c0000000,c0000002
hitman3_hdr_on_v36,9.80,c0000401,c0000003,c0000004,c0300001,c0100401,c0000002,c0000000,c0100004
hitman3_hdr_on_v36,10.92,c0000000,c0000000,c0300002,c0100400,c0000000,c0000801,c0000002,c0000402
hitman3_hdr_on_v36,11.99,c0000000,c0000000,c0100c03,c0000001,c0000001,c0000400,c0300000,c0200002
hitman3_hdr_on_v36,13.08,c0100c00,c0000001,c0000000,c0300403,c0000001,c0100400,c0000402,c0000c03
hitman3_hdr_on_v36,14.17,c0100400,c0000400,c0000000,c0000000,c0000000,c0000c00,c0000000,c0000000
hitman3_hdr_on_v36,15.26,c0200400,c0100400,c0000401,c0000400,c0300000,c0300000,c0000801,c0000001
hitman3_hdr_on_v36,16.38,c0200001,c0000000,c0000003,c0300002,c0000000,c0000000,c0000000,c0100401
hitman3_hdr_on_v36,17.44,c0000400,c0300400,c0300400,c0100400,c0000400,c0000002,c0000000,c0000400
hitman3_hdr_on_v36,18.58,c0000800,c0000001,c0000003,c0200000,c0000800,c0000000,c0000801,c0300403
hitman3_hdr_on_v36,19.63,c0000400,c0000000,c0000000,c0000400,c0200800,c0200000,c0000000,c0100002
hitman3_hdr_on_v36,20.72,c0000000,c0000400,c0100002,c0000003,c0000000,c0000003,c0000000,c0000000
hitman3_hdr_on_v36,21.83,c0100800,c0000400,c0100c00,c0000000,c0000002,c0000400,c0000002,c0000000
hitman3_hdr_on_v36,22.92,c0000000,c0000002,c0000000,c0100000,c0000400,c0000800,c0000000,c0100002
hitman3_hdr_on_v36,24.04,c0000002,c0100000,c0200c02,c0000000,c0000000,c0000401,c0000803,c0400001
hitman3_hdr_on_v36,25.09,c0501c07,c0902406,c0602009,c0702409,c0502406,c0901008,c0701407,c0802006
hitman3_hdr_on_v36,26.17,c0901806,c0902405,c0601c07,c0602006,c0701807,c0a01406,c0501c07,c0701805
hitman3_hdr_on_v36,27.27,c0a02004,c0702807,c0a02409,c0802808,c0501c05,c0601807,c0602007,c0801c08
hitman3_hdr_on_v36,28.35,c0701806,c0901c04,c0b01804,c0601c06,c0801808,c0902006,c0702009,c0702007
hitman3_hdr_on_v36,29.47,c0901c06,c0b0140b,c0501c07,c0502006,c0601809,c0901808,c0802407,c070200a
hitman3_hdr_on_v36,30.55,c0602409,c0a01c0a,c080200a,c0a01c05,c0601c06,c0901809,c0602806,c0701c07
hitman3_hdr_on_v36,31.64,c0a01c07,c0602007,c0602406,c0902405,c0a01c07,c0701c0b,c0601c08,c090240a
hitman3_hdr_on_v36,32.72,c0701808,c090240a,c0601406,c0601806,c0701009,c0901c09,c050200a,c0801c0a
hitman3_hdr_on_v36,33.81,c0701809,c0601805,c0702007,c0701007,c0801808,c0701c07,c0502007,c0502004
hitman3_hdr_on_v36,34.92,c0a01809,c070240b,c0401808,c0802007,c0802408,c0a01808,c0802406,c0901c08
hitman3_hdr_on_v36,36.01,c080180b,c0802404,c0601c06,c0801808,c0801c08,c0701808,c0702006,c070200a
hitman3_hdr_on_v36,37.10,c0702407,c0601c05,c0902007,c0802808,c0602008,c0a02806,c0801806,c070100a
hitman3_hdr_on_v36,38.20,c0302007,c0701406,c0301007,c0401c03,c0601405,c0301005,c0701c03,c0601007
hitman3_hdr_on_v36,39.30,c0701c09,c0902404,c0a0180a,c0a02407,c0801805,c0501c08,c0902407,c0802009
hitman3_hdr_on_v36,40.41,c0801406,c0502808,c0601805,c0901c08,c0a02004,c0701c09,c0801c06,c0902807
hitman3_hdr_on_v36,41.49,c0601409,c0401c07,c0601c08,c0502808,c0701807,c0901c08,c0702809,c0701c08
hitman3_hdr_on_v36,42.59,c0a02008,c0701806,c0701c08,c0902009,c0801807,c0601c07,c0901c05,c0801c08
hitman3_hdr_on_v36,43.65,c0501805,c0602409,c0702806,c0902007,c0602405,c0601808,c0802807,c0801808
hitman3_hdr_on_v36,44.77,c0601c09,c0701808,c0602006,c0802405,c0902006,c0502405,c0701408,c0901807
hitman3_hdr_on_v36,45.85,c0702c05,c060240b,c0602408,c0802807,c0a01c05,c0901407,c0701406,c0602008
hitman3_hdr_on_v36,46.94,c0701c08,c080200a,c0902007,c0802007,c0a01409,c0902407,c0701407,c0402007
hitman3_hdr_on_v36,48.03,c0a01809,c0501c06,c0601808,c0701c07,c0a01805,c0801c08,c0501806,c0802807
hitman3_hdr_on_v36,49.14,c0502007,c060180a,c0602006,c0702406,c0701806,c0601c07,c0a01808,c0702c06
hitman3_hdr_on_v36,50.22,c070200a,c0601804,c0702007,c050180b,c0701c09,c0801c06,c0a01407,c0702008
hitman3_hdr_on_v36,51.32,c4010045,c4310446,c4410c48,c4911c4b,c4011c47,c4411c55,c4914859,c4d1405c
hitman3_hdr_on_v36,52.40,c2508c27,c2509426,c2a0b02c,c2e0c02e,c260b826,c280bc3b,c2f0ec42,c340dc46
hitman3_hdr_on_v36,53.50,c1a07c1b,c2709028,c2509c24,c2809c25,c250a025,c2d0b42e,c240b025,c2b0c03d
hitman3_hdr_on_v36,54.56,d424d917,d3148507,d4f5051a,d6954930,d7d59d44,d9f61d5e,dad64d63,dd06e188
hitman3_hdr_on_v36,55.64,d2d47cfe,d2245cfd,d3047cff,d484d116,d625312e,d855b544,d8d5d54a,dac64d66
hitman3_hdr_on_v36,56.75,c761ec7d,c6c1e074,c761f079,c8020883,c9124488,c781fc7d,c751cc72,c5d1845f
hitman3_hdr_on_v36,57.82,d434dd16,d3047504,d4b4ed19,d6b54934,d7f59d47,d9d61559,dac64964,dd16d586
hitman3_hdr_off_v36,3.31,00000000,00000000,00000000,00000000,00000000,00000000,00000000,00000000
hitman3_hdr_off_v36,4.40,ff000000,ff000000,ff000000,ff000000,ff000000,ff000000,ff000000,ff000000
hitman3_hdr_off_v36,5.48,ff000000,ff000000,ff000000,ff000000,ff000000,ff000000,ff000000,ff000000
hitman3_hdr_off_v36,6.56,ff000000,ff000000,ff000000,ff000000,ff000000,ff000000,ff000000,ff000000
hitman3_hdr_off_v36,7.72,ff000000,ff000000,ff000000,ff000000,ff000000,ff000000,ff000000,ff000000
hitman3_hdr_off_v36,8.76,ff000000,ff000000,ff000000,ff000000,ff000000,ff000000,ff000000,ff000000
hitman3_hdr_off_v36,9.82,ff000000,ff000000,ff000000,ff000000,ff000000,ff000000,ff000000,ff000000
hitman3_hdr_off_v36,10.92,ff000000,ff000000,ff000000,ff000000,ff000000,ff000000,ff000000,ff000000
hitman3_hdr_off_v36,11.99,ff000000,ff000000,ff000000,ff000000,ff000000,ff000000,ff000000,ff000000
hitman3_hdr_off_v36,13.07,ff000000,ff000000,ff000000,ff000000,ff000000,ff000000,ff000000,ff000000
hitman3_hdr_off_v36,14.15,ff000000,ff000000,ff000000,ff000000,ff000000,ff000000,ff000000,ff000000
hitman3_hdr_off_v36,15.21,ff000000,ff000000,ff000000,ff000000,ff000000,ff000000,ff000000,ff000000
hitman3_hdr_off_v36,16.28,ff000000,ff000000,ff000000,ff000000,ff000000,ff000000,ff000000,ff000000
hitman3_hdr_off_v36,17.37,ff000000,ff000000,ff000000,ff000000,ff000000,ff000000,ff000000,ff000000
hitman3_hdr_off_v36,18.44,ff000000,ff000000,ff000000,ff000000,ff000000,ff000000,ff000000,ff000000
hitman3_hdr_off_v36,19.51,ff000000,ff000000,ff000000,ff000000,ff000000,ff000000,ff000000,ff000000
hitman3_hdr_off_v36,20.58,ff000000,ff000000,ff000000,ff000000,ff000000,ff000000,ff000000,ff000000
hitman3_hdr_off_v36,21.69,ff000000,ff000000,ff000000,ff000000,ff000000,ff000000,ff000000,ff000000
hitman3_hdr_off_v36,22.74,ff000000,ff000000,ff000000,ff000000,ff000000,ff000000,ff000000,ff000000
hitman3_hdr_off_v36,23.86,ff000000,ff000000,ff000000,ff000000,ff000000,ff000000,ff000000,ff000000
hitman3_hdr_off_v36,24.92,00000000,00010101,00000000,00010101,00010000,00000000,00000000,00010101
hitman3_hdr_off_v36,25.99,ff010101,ff010101,ff010101,ff010101,ff010101,ff010101,ff010101,ff010101
hitman3_hdr_off_v36,27.06,ff010101,ff010101,ff010101,ff010101,ff010101,ff010101,ff010101,ff010101
hitman3_hdr_off_v36,28.14,ff010101,ff010101,ff010101,ff010101,ff010101,ff010101,ff010101,ff010101
hitman3_hdr_off_v36,29.22,ff010101,ff010101,ff010101,ff010101,ff010101,ff010101,ff010101,ff010101
hitman3_hdr_off_v36,30.29,ff010101,ff010101,ff010101,ff010101,ff010101,ff010101,ff010101,ff010101
hitman3_hdr_off_v36,31.40,ff010101,ff010101,ff010101,ff010101,ff010101,ff010101,ff010101,ff010101
hitman3_hdr_off_v36,32.45,ff010101,ff010101,ff010101,ff010101,ff010101,ff010101,ff010101,ff010101
hitman3_hdr_off_v36,33.65,ff010101,ff010101,ff010101,ff010101,ff010101,ff010101,ff010101,ff010101
hitman3_hdr_off_v36,34.72,ff010101,ff010101,ff010101,ff010101,ff010101,ff010101,ff010101,ff010101
hitman3_hdr_off_v36,35.80,ff010101,ff010101,ff010101,ff010101,ff010101,ff010101,ff010101,ff010101
hitman3_hdr_off_v36,36.86,ff000000,ff000000,ff000000,ff000000,ff000000,ff000000,ff000000,ff000000
hitman3_hdr_off_v36,37.84,ff010101,ff010101,ff010101,ff010101,ff010101,ff010101,ff010101,ff010101
hitman3_hdr_off_v36,38.95,ff010101,ff010101,ff010101,ff010101,ff010101,ff010101,ff010101,ff010101
hitman3_hdr_off_v36,40.00,ff010101,ff010101,ff010101,ff010101,ff010101,ff010101,ff010101,ff010101
hitman3_hdr_off_v36,41.08,ff010101,ff010101,ff010101,ff010101,ff010101,ff010101,ff010101,ff010101
hitman3_hdr_off_v36,42.18,ff010101,ff010101,ff010101,ff010101,ff010101,ff010101,ff010101,ff010101
hitman3_hdr_off_v36,43.25,ff010101,ff010101,ff010101,ff010101,ff010101,ff010101,ff010101,ff010101
hitman3_hdr_off_v36,44.32,ff010101,ff010101,ff010101,ff010101,ff010101,ff010101,ff010101,ff010101
hitman3_hdr_off_v36,45.40,ff010101,ff010101,ff010101,ff010101,ff010101,ff010101,ff010101,ff010101
hitman3_hdr_off_v36,46.47,ff010101,ff010101,ff010101,ff010101,ff010101,ff010101,ff010101,ff010101
hitman3_hdr_off_v36,47.62,ff010101,ff010101,ff010101,ff010101,ff010101,ff010101,ff010101,ff010101
hitman3_hdr_off_v36,48.65,ff010101,ff010101,ff010101,ff010101,ff010101,ff010101,ff010101,ff010101
hitman3_hdr_off_v36,49.59,cc181515,cb181615,cb181616,cb181616,ca181616,ca191717,ca191716,c81b1817
hitman3_hdr_off_v36,49.74,f90d0c0c,f90e0d0d,f90e0d0d,f90e0d0d,f90f0d0d,f90f0e0e,f90f0e0d,f9110f0e
hitman3_hdr_off_v36,49.82,ff030303,ff040404,ff040404,ff040404,ff040404,ff050505,ff040504,ff070504
hitman3_hdr_off_v36,50.86,ff030303,ff030303,ff030303,ff030303,ff030303,ff040404,ff040403,ff060404
hitman3_hdr_off_v36,51.93,ff030303,ff030303,ff030303,ff030303,ff030303,ff040404,ff040403,ff060404
hitman3_hdr_off_v36,53.02,ff262e35,ff252b31,ff2a323c,ff2d3744,ff323e4b,ff3a4b5b,ff3e4f63,ff4b6177
hitman3_hdr_off_v36,54.10,ff273038,ff262e36,ff27313c,ff2e3845,ff34404e,ff3b4d5e,ff3f5063,ff4b6078
hitman3_hdr_off_v36,55.15,ff262f37,ff262e36,ff28323b,ff2d3843,ff333f4e,ff3b4c5e,ff3f5062,ff495e76
hitman3_hdr_off_v36,56.52,ff262e35,ff262b32,ff2a323c,ff2d3743,ff333f4c,ff3b4a5b,ff3e4f62,ff4a6076
hitman3_hdr_off_v36,57.32,ff393931,ff2b2a25,ff1e1b17,ff48423a,ff7c796b,ff7e7c6f,ff757265,ff686354
hitman3_hdr_off_v36,58.40,ff262e35,ff252b31,ff2a333c,ff2d3642,ff333e4b,ff3b4b5c,ff3e4f62,ff4b6077
hitman3_hdr_off_v36,59.46,ff0b0c0a,ff0b0c0b,ff0d0d0d,ff0e0e0e,ff0e1010,ff0d0d0d,ff0d0d0d,ff0c0c0c
hitman3_hdr_off_v36,60.54,ff262f35,ff252a31,ff28323a,ff2f3845,ff333f4c,ff3b4b5d,ff3e4f63,ff4c6279
hitman3_hdr_off_v36,61.63,ff273038,ff262e36,ff27313c,ff2e3845,ff35404f,ff3b4d5f,ff3f5063,ff4c6179
hitman3_hdr_on,3.29,00000000,00000000,00000000,00000000,00000000,00000000,00000000,00000000
hitman3_hdr_on,4.37,00000000,00000000,00000000,00000000,00000000,00000000,00000000,00000000
hitman3_hdr_on,4.84,c0000000,c0000000,c0000000,c0000403,c0100002,c0000000,c0200001,c0000000
hitman3_hdr_on,5.49,c0000001,c0000000,c0000001,c0000402,c0000000,c0000000,c0200800,c0300000
hitman3_hdr_on,6.63,c0000000,c0000c01,c0000002,c0000000,c0000000,c0000802,c0100400,c0000000
hitman3_hdr_on,7.69,c0000c00,c0000800,c0200000,c0000001,c0000000,c0200400,c0100400,c0100000
hitman3_hdr_on,8.79,c0000000,c0100800,c0200000,c0000802,c0300001,c0100000,c0000400,c0000400
hitman3_hdr_on,9.87,c0000001,c0000000,c0200400,c0100003,c0000401,c0000000,c0000800,c0000800
hitman3_hdr_on,10.95,c0000002,c0000401,c0100000,c0000000,c0000c02,c0000002,c0000001,c0000000
hitman3_hdr_on,12.06,c0000001,c0000001,c0200c01,c0200000,c0000400,c0000002,c0000400,c0100000
hitman3_hdr_on,13.15,c0000000,c0000403,c0300c01,c0000c00,c0100803,c0000002,c0000400,c0100000
hitman3_hdr_on,14.22,c0000400,c0000000,c0200000,c0000001,c0200400,c0300000,c0100400,c0000400
hitman3_hdr_on,15.32,c0000000,c0000000,c0100000,c0000800,c0000000,c0000000,c0000001,c0000000
hitman3_hdr_on,16.41,c0000002,c0000000,c0100c00,c0000000,c0000400,c0000c01,c0000001,c0100000
hitman3_hdr_on,17.52,c0000000,c0000400,c0000000,c0000000,c0000000,c0000000,c0000002,c0200000
hitman3_hdr_on,18.59,c0000002,c0000000,c0000400,c0100800,c0000002,c0100802,c0000002,c0100000
hitman3_hdr_on,19.69,c0100000,c0001000,c0000400,c0200000,c0000c00,c0000001,c0100002,c0000c00
hitman3_hdr_on,20.77,c0000000,c0100000,c0100002,c0000001,c0000401,c0000000,c0200801,c0000000
hitman3_hdr_on,21.88,c0000000,c0000000,c0000400,c0000000,c0200000,c0000000,c0000000,c0100403
hitman3_hdr_on,22.95,c0000000,c0300001,c0000400,c0000800,c0000c01,c0100000,c0000400,c0300400
hitman3_hdr_on,24.04,c0000000,c0000000,c0000000,c0000c02,c0100000,c0000400,c0100002,c0000000
hitman3_hdr_on,25.13,c0701407,c0702408,c0a02009,c0701c07,c0701006,c0501807,c0802007,c0601009
hitman3_hdr_on,26.24,c0702008,c0801c08,c040200a,c0601806,c0a02007,c0401c09,c0b01009,c070200a
hitman3_hdr_on,27.31,c0402406,c0501806,c0802008,c0701c07,c080280a,c0702004,c0802007,c080200a
hitman3_hdr_on,28.40,c0702407,c0602806,c0702407,c0a01c08,c0802407,c0a0100a,c0a02c08,c0902406
hitman3_hdr_on,29.49,c0502407,c0501806,c0601808,c0901c05,c0801407,c0702008,c0602808,c0501c09
hitman3_hdr_on,30.61,c0801c07,c0602806,c0a02804,c0801009,c0802005,c0a01c05,c0602808,c0801006
hitman3_hdr_on,31.68,c0901c06,c0702407,c0801c05,c050280b,c0702408,c0601809,c0702406,c0701c0a
hitman3_hdr_on,32.78,c0901c09,c0702406,c0601c06,c050200a,c060240a,c0802007,c070240a,c0802009
hitman3_hdr_on,33.87,c0802409,c0901c06,c0702408,c0801405,c0902c07,c0902408,c0a01007,c0702009
hitman3_hdr_on,34.99,c0a01c08,c0602007,c0a01807,c0702809,c0a02408,c0702008,c0701c05,c0701c09
hitman3_hdr_on,36.06,c0701005,c0501404,c0901805,c0200c04,c0500c04,c0500c04,c0400c05,c0701806
hitman3_hdr_on,37.15,c0801c07,c0701c09,c0701c0a,c0801c0a,c0802407,c0401807,c0401805,c050240a
hitman3_hdr_on,38.23,c0702807,c0702c06,c0601c06,c0701c07,c0701c04,c0802807,c0901c05,c0702406
hitman3_hdr_on,39.32,c0402409,c0701c0a,c080180a,c0701c07,c0502c06,c0601c0b,c0801c07,c0501c08
hitman3_hdr_on,40.65,c0901c08,c0901405,c0602006,c0802407,c0801c05,c0601406,c0601c06,c0a01c05
hitman3_hdr_on,41.51,c0701405,c0701c07,c0a01407,c070180a,c080200a,c0701808,c0601407,c0401408
hitman3_hdr_on,42.61,c0701c08,c060280a,c0501808,c0901405,c0a01c08,c0902006,c0901c08,c0b01804
hitman3_hdr_on,43.70,c0401c06,c0501809,c0601806,c0701c0a,c0601c07,c0901408,c050180b,c0401c07
hitman3_hdr_on,44.82,c0702008,c0701807,c0801005,c0602807,c0902009,c0a02408,c0701807,c0701806
hitman3_hdr_on,45.90,c0501808,c0701006,c0802406,c0b01408,c0602004,c0801407,c0501806,c070240a
hitman3_hdr_on,46.99,c0802004,c0802006,c0802006,c0901807,c0901c07,c0701805,c0602006,c0602407
hitman3_hdr_on,48.08,c1905417,c1a06419,c1906419,c1b0581b,c180681d,c1806819,c1705c17,c1d0641b
hitman3_hdr_on,49.19,c2409426,c2408c25,c2c0ac2d,c2b0b42e,c240bc24,c2c0b83f,c320ec45,c350e443
hitman3_hdr_on,50.26,c1d07c1b,c2509424,c2409825,c2709825,c2508c25,c2f0b82e,c250ac26,c2c0b43a
hitman3_hdr_on,51.34,d444e118,d3448506,d4b4ed15,d6854d32,d805a946,d9f6195c,dac64965,dcf6d988
hitman3_hdr_on,52.42,d494e91a,d424c914,d514f11a,d6754530,d835b14a,da76395e,dac64d69,dd06d986
hitman3_hdr_on,53.50,c671a86b,c761e871,c7b1f07d,c7c1ec7b,c8c23886,c6f1bc6d,c761e879,c6a1ac6d
hitman3_hdr_on,54.61,c741f07c,c691d871,c7b20481,c7b1f87c,c8821c87,c791f87e,c781e87a,c661a065
hitman3_hdr_on,55.68,c571705e,c6019468,c6118c6d,c6519c70,c691ac71,c6018c62,c6218064,c6118464
hitman3_hdr_on,56.74,c3c0e453,c3f0ec5f,c4710464,c431005b,c541446c,c4310445,c4111446,c4411044
hitman3_hdr_on,57.83,c2f0cc33,c3b0e439,c2209c27,c2b0a82b,c2b0ac2c,c3e0e839,c2d0b82b,c360d037
hitman3_hdr_on,58.91,d2647502,d1d43cfd,d394a513,d4c4e51e,d6353d33,d835ad48,d915e954,dac6596d
hitman3_hdr_on,59.98,c511a880,c591c88e,c541c08d,c3913c72,c5e1f88e,c4f1ac6f,c6c20c8e,c6a2008b
hitman3_hdr_on,61.08,c4918882,c551c48c,c511a886,c541b48b,c551c48f,c5d1d883,c6f20c8b,c7522c8f
hitman3_hdr_on,62.17,c8b240a1,c9a26cb0,ca3284b5,cc4310e7,cef3c526,d294914a,d034393e,ca8274de
hitman3_hdr_on,63.22,c7d238cc,c982b4f4,c9c2a0ee,cae304f7,cae2f4f7,ca42d0ed,cc536907,cb731cfe
hitman3_hdr_on,64.31,c7c25cef,c71208e4,c82250ec,c88280ea,cab30900,cb83510d,cab304fa,ca62e0fc
hitman3_hdr_on,65.46,d09360b6,d15310a8,cbe284a6,c962389a,ca42849c,cf1388d7,d2d58d31,ccd2e4b0
hitman3_hdr_on,66.53,c1d0702a,c150742d,c350c83f,c2e0b439,c1b09435,c280b438,c2709c34,c2d0b83e
hitman3_hdr_on,67.56,d795d558,db46b594,dde769b5,df97d9da,dfe7e9e5,e18845f8,e1a86201,e1c87609
hitman3_hdr_on,68.64,c571c0ac,c5d1d4b1,c5c1dcb2,c7b268cb,c6d224c0,c9d2dcef,ca12e4ee,c86268f0
hitman3_hdr_on,69.72,c511a8a9,c5b1d8ac,c611e8b4,c7523cc8,c77238c8,c7b240c2,c82258ce,c8e290d3
hitman3_hdr_off,3.29,00000000,00000000,00000000,00000000,00000000,00000000,00000000,00000000
hitman3_hdr_off,4.38,ff000000,ff000000,ff000000,ff000000,ff000000,ff000000,ff000000,ff000000
hitman3_hdr_off,5.70,00000000,00000000,00000000,00000000,00000000,00000000,00000000,00000000
hitman3_hdr_off,6.54,ff000000,ff000000,ff000000,ff000000,ff000000,ff000000,ff000000,ff000000
hitman3_hdr_off,7.62,ff000000,ff000000,ff000000,ff000000,ff000000,ff000000,ff000000,ff000000
hitman3_hdr_off,8.71,ff000000,ff000000,ff000000,ff000000,ff000000,ff000000,ff000000,ff000000
hitman3_hdr_off,9.79,ff000000,ff000000,ff000000,ff000000,ff000000,ff000000,ff000000,ff000000
hitman3_hdr_off,10.87,ff000000,ff000000,ff000000,ff000000,ff000000,ff000000,ff000000,ff000000
hitman3_hdr_off,11.95,ff000000,ff000000,ff000000,ff000000,ff000000,ff000000,ff000000,ff000000
hitman3_hdr_off,13.07,ff000000,ff000000,ff000000,ff000000,ff000000,ff000000,ff000000,ff000000
hitman3_hdr_off,14.12,ff000000,ff000000,ff000000,ff000000,ff000000,ff000000,ff000000,ff000000
hitman3_hdr_off,15.19,ff000000,ff000000,ff000000,ff000000,ff000000,ff000000,ff000000,ff000000
hitman3_hdr_off,16.28,ff000000,ff000000,ff000000,ff000000,ff000000,ff000000,ff000000,ff000000
hitman3_hdr_off,17.34,ff000000,ff000000,ff000000,ff000000,ff000000,ff000000,ff000000,ff000000
hitman3_hdr_off,18.42,ff000000,ff000000,ff000000,ff000000,ff000000,ff000000,ff000000,ff000000
hitman3_hdr_off,19.50,ff000000,ff000000,ff000000,ff000000,ff000000,ff000000,ff000000,ff000000
hitman3_hdr_off,20.58,ff000000,ff000000,ff000000,ff000000,ff000000,ff000000,ff000000,ff000000
hitman3_hdr_off,21.64,ff000000,ff000000,ff000000,ff000000,ff000000,ff000000,ff000000,ff000000
hitman3_hdr_off,22.72,ff000000,ff000000,ff000000,ff000000,ff000000,ff000000,ff000000,ff000000
hitman3_hdr_off,23.82,ff000000,ff000000,ff000000,ff000000,ff000000,ff000000,ff000000,ff000000
hitman3_hdr_off,24.90,00000000,00010101,00000000,00010101,00000000,00000000,00000000,00010000
hitman3_hdr_off,25.97,ff010101,ff010101,ff010101,ff010101,ff010101,ff010101,ff010101,ff010101
hitman3_hdr_off,27.07,ff010101,ff010101,ff010101,ff010101,ff010101,ff010101,ff010101,ff010101
hitman3_hdr_off,28.12,ff010101,ff010101,ff010101,ff010101,ff010101,ff010101,ff010101,ff010101
hitman3_hdr_off,29.22,ff010101,ff010101,ff010101,ff010101,ff010101,ff010101,ff010101,ff010101
hitman3_hdr_off,30.28,ff010101,ff010101,ff010101,ff010101,ff010101,ff010101,ff010101,ff010101
hitman3_hdr_off,31.36,ff010101,ff010101,ff010101,ff010101,ff010101,ff010101,ff010101,ff010101
hitman3_hdr_off,32.50,ff010101,ff010101,ff010101,ff010101,ff010101,ff010101,ff010101,ff010101
hitman3_hdr_off,33.54,ff010101,ff010101,ff010101,ff010101,ff010101,ff010101,ff010101,ff010101
hitman3_hdr_off,34.59,ff010101,ff010101,ff010101,ff010101,ff010101,ff010101,ff010101,ff010101
hitman3_hdr_off,35.67,ff010101,ff010101,ff010101,ff010101,ff010101,ff010101,ff010101,ff010101
hitman3_hdr_off,36.75,ff000000,ff000000,ff000000,ff000000,ff000000,ff000000,ff000000,ff000000
hitman3_hdr_off,37.83,ff010101,ff010101,ff010101,ff010101,ff010101,ff010101,ff010101,ff010101
hitman3_hdr_off,38.90,ff010101,ff010101,ff010101,ff010101,ff010101,ff010101,ff010101,ff010101
hitman3_hdr_off,40.00,ff010101,ff010101,ff010101,ff010101,ff010101,ff010101,ff010101,ff010101
hitman3_hdr_off,41.07,ff010101,ff010101,ff010101,ff010101,ff010101,ff010101,ff010101,ff010101
hitman3_hdr_off,42.15,ff010101,ff010101,ff010101,ff010101,ff010101,ff010101,ff010101,ff010101
hitman3_hdr_off,43.21,ff010101,ff010101,ff010101,ff010101,ff010101,ff010101,ff010101,ff010101
hitman3_hdr_off,44.30,ff010101,ff010101,ff010101,ff010101,ff010101,ff010101,ff010101,ff010101
hitman3_hdr_off,45.37,ff010101,ff010101,ff010101,ff010101,ff010101,ff010101,ff010101,ff010101
hitman3_hdr_off,46.45,ff010101,ff010101,ff010101,ff010101,ff010101,ff010101,ff010101,ff010101
hitman3_hdr_off,47.52,ff010101,ff010101,ff010101,ff010101,ff010101,ff010101,ff010101,ff010101
hitman3_hdr_off,48.60,ca181515,ca181515,c9181616,c9181616,c9181616,c8191616,c8191615,c61a1717
hitman3_hdr_off,49.82,ff030303,ff030303,ff030303,ff030303,ff030303,ff040404,ff040403,ff060404
hitman3_hdr_off,50.75,ff262e35,ff262b32,ff2a333c,ff2d3643,ff333f4c,ff3b4b5c,ff3e4f62,ff4a6077
hitman3_hdr_off,51.83,ff273038,ff262d36,ff27313c,ff2e3845,ff333f4e,ff3b4d5e,ff3f5063,ff4b5f77
hitman3_hdr_off,52.90,ff262f37,ff262e36,ff28323b,ff2d3843,ff34404e,ff3b4c5e,ff3f5062,ff495f76
hitman3_hdr_off,53.97,ff252e36,ff262e36,ff28323b,ff2c3742,ff333e4d,ff3b4b5e,ff3f5062,ff485c74
hitman3_hdr_off,55.06,ff252e36,ff262e36,ff28323b,ff2c3742,ff333e4d,ff3b4b5e,ff3f5062,ff475c74
hitman3_hdr_off,56.14,ff0c0c0a,ff0b0c0b,ff0d0d0c,ff0e0e0d,ff0e0f0f,ff0d0d0d,ff0c0c0c,ff0c0c0c
hitman3_hdr_off,57.21,ff263035,ff242a32,ff27323b,ff2e3844,ff333f4c,ff3b4b5d,ff3d4f62,ff4c6279
hitman3_hdr_off,58.27,ff292316,ff282112,ff2a2013,ff292411,ff383523,ff39311b,ff444131,ff4a452a
hitman3_hdr_off,59.35,ff241f12,ff2e2919,ff2c2314,ff342d1d,ff332c19,ff3e3927,ff3f3921,ff483f27
rdr2_hdr_on,1.95,c0000000,c0000000,c0000000,c0000000,c0000000,c0000000,c0000000,c0000000
rdr2_hdr_on,1.98,c0000000,c0000000,c0000000,c0000000,c0000000,c0000000,c0000000,c0000000
rdr2_hdr_on,3.06,c0000000,c0000000,c0000000,c0000000,c0000000,c0000000,c0000000,c0000000
rdr2_hdr_on,4.17,c0000000,c0000000,c0000000,c0000000,c0000000,c0000000,c0000000,c0000000
rdr2_hdr_on,5.24,c0000000,c0000000,c0000000,c0000000,c0000000,c0000000,c0000000,c0000000
rdr2_hdr_on,6.34,c0000000,c0000000,c0000000,c0000000,c0000000,c0000000,c0000000,c0000000
rdr2_hdr_on,7.45,c0000000,c0000000,c0000000,c0000000,c0000000,c0000000,c0000000,c0000000
rdr2_hdr_on,8.54,c0000000,c0000000,c0000000,c0000000,c0000000,c0000000,c0000000,c0000000
rdr2_hdr_on,9.62,c0000000,c0000000,c0000000,c0000000,c0000000,c0000000,c0000000,c0000000
rdr2_hdr_on,10.70,c0000000,c0000000,c0000000,c0000000,c0000000,c0000000,c0000000,c0000000
rdr2_hdr_on,11.79,c0000000,c0000000,c0000000,c0000000,c0000000,c0000000,c0000000,c0000000
rdr2_hdr_on,13.11,c0000000,c0000000,c0000000,c0000000,c0000000,c0000000,c0000000,c0000000
rdr2_hdr_on,13.98,c0000000,c0000000,c0000000,c0000000,c0000000,c0000000,c0000000,c0000000
rdr2_hdr_on,15.08,c0000000,c0000000,c0000000,c0000000,c0000000,c0000000,c0000000,c0000000
rdr2_hdr_on,16.17,c0000000,c0000000,c0000000,c0000000,c0000000,c0000000,c0000000,c0000000
rdr2_hdr_on,17.25,c0000000,c0000000,c0000000,c0000000,c0000000,c0000000,c0000000,c0000000
rdr2_hdr_on,18.34,c0000000,c0000000,c0000000,c0000000,c0000000,c0000000,c0000000,c0000000
rdr2_hdr_on,19.44,c0000000,c0000000,c0000000,c0000000,c0000000,c0000000,c0000000,c0000000
rdr2_hdr_on,20.51,c0000000,c0000000,c0000000,c0000000,c0000000,c0000000,c0000000,c0000000
rdr2_hdr_on,21.64,c0000000,c0000000,c0000000,c0000000,c0000000,c0000000,c0000000,c0000000
rdr2_hdr_on,22.72,c0000000,c0000000,c0000000,c0000000,c0000000,c0000000,c0000000,c0000000
rdr2_hdr_on,23.80,c0000000,c0000000,c0000000,c0000000,c0000000,c0000000,c0000000,c0000000
rdr2_hdr_on,24.88,c0000000,c0000000,c0000000,c0000000,c0000000,c0000000,c0000000,c0000000
rdr2_hdr_on,25.97,c3b0ec3b,c1806018,c4511447,c4210844,c410fc41,c380e038,c3f0fc41,c2f0bc2f
rdr2_hdr_on,27.05,c4b12c4c,c4511447,c4511447,c4210844,c340d034,c4812049,c3c0f03c,c3c0f03c
rdr2_hdr_on,28.17,c4b12c4c,c4511447,c4511447,c4210844,c340d034,c4812049,c3c0f03c,c3c0f03c
rdr2_hdr_on,29.28,c4b12c4c,c4511447,c4511447,c4210844,c340d034,c4812049,c3c0f03c,c3c0f03c
rdr2_hdr_on,46.72,c4b12c4c,c4511447,c4511447,c4210844,c340d034,c4812049,c3c0f03c,c3c0f03c
rdr2_hdr_on,47.83,c4b12c4c,c4511447,c4511447,c4210844,c340d034,c4812049,c3c0f03c,c3c0f03c
rdr2_hdr_on,48.95,c4b12c4c,c4511447,c4511447,c4210844,c340d034,c4812049,c3c0f03c,c3c0f03c
rdr2_hdr_on,50.06,c4b12c4c,c4511447,c4511447,c4210844,c340d034,c4812049,c3c0f03c,c3c0f03c
rdr2_hdr_on,51.15,c4b12c4c,c4511447,c4511447,c4210844,c340d034,c4812049,c3c0f03c,c3c0f03c
rdr2_hdr_on,52.84,c4b12c4c,c4511447,c4511447,c4210844,c340d034,c4812049,c3c0f03c,c3c0f03c
rdr2_hdr_off,0.34,ff000000,ff000000,ff000000,ff000000,ff000000,ff000000,ff000000,ff000000
rdr2_hdr_off,1.42,ff000000,ff000000,ff000000,ff000000,ff000000,ff000000,ff000000,ff000000
rdr2_hdr_off,2.50,ff000000,ff000000,ff000000,ff000000,ff000000,ff000000,ff000000,ff000000
rdr2_hdr_off,3.56,ff000000,ff000000,ff000000,ff000000,ff000000,ff000000,ff000000,ff000000
rdr2_hdr_off,4.64,ff000000,ff000000,ff000000,ff000000,ff000000,ff000000,ff000000,ff000000
rdr2_hdr_off,5.72,ff000000,ff000000,ff000000,ff000000,ff000000,ff000000,ff000000,ff000000
rdr2_hdr_off,6.82,ff000000,ff000000,ff000000,ff000000,ff000000,ff000000,ff000000,ff000000
rdr2_hdr_off,20.14,ff000000,ff000000,ff000000,ff000000,ff000000,ff000000,ff000000,ff000000
rdr2_hdr_off,21.23,ff000000,ff000000,ff000000,ff000000,ff000000,ff000000,ff000000,ff000000
rdr2_hdr_off,22.31,ff000000,ff000000,ff000000,ff000000,ff000000,ff000000,ff000000,ff000000
rdr2_hdr_off,23.38,ff000000,ff000000,ff000000,ff000000,ff000000,ff000000,ff000000,ff000000
rdr2_hdr_off,24.46,ff0a0a0a,ff050505,ff0e0e0e,ff0d0d0d,ff0c0c0d,ff0a0a0a,ff0c0c0c,ff080808
rdr2_hdr_off,25.54,ff101010,ff0e0e0e,ff0e0e0e,ff0d0d0d,ff090909,ff0f0f0f,ff0b0b0b,ff0b0b0b
rdr2_hdr_off,26.62,ff101010,ff0e0e0e,ff0e0e0e,ff0d0d0d,ff090909,ff0f0f0f,ff0b0b0b,ff0b0b0b
rdr2_hdr_off,27.72,ff101010,ff0e0e0e,ff0e0e0e,ff0d0d0d,ff090909,ff0f0f0f,ff0b0b0b,ff0b0b0b
rdr2_hdr_off,28.79,ff101010,ff0e0e0e,ff0e0e0e,ff0d0d0d,ff090909,ff0f0f0f,ff0b0b0b,ff0b0b0b
rdr2_hdr_off,29.88,ff101010,ff0e0e0e,ff0e0e0e,ff0d0d0d,ff090909,ff0f0f0f,ff0b0b0b,ff0b0b0b
rdr2_hdr_off,30.96,ff101010,ff0e0e0e,ff0e0e0e,ff0d0d0d,ff090909,ff0f0f0f,ff0b0b0b,ff0b0b0b
rdr2_hdr_off,32.04,ff101010,ff0e0e0e,ff0e0e0e,ff0d0d0d,ff090909,ff0f0f0f,ff0b0b0b,ff0b0b0b
rdr2_hdr_off,33.14,ff101010,ff0e0e0e,ff0e0e0e,ff0d0d0d,ff090909,ff0f0f0f,ff0b0b0b,ff0b0b0b
rdr2_hdr_off,34.20,ff101010,ff0e0e0e,ff0e0e0e,ff0d0d0d,ff090909,ff0f0f0f,ff0b0b0b,ff0b0b0b
rdr2_hdr_off,35.29,ff101010,ff0e0e0e,ff0e0e0e,ff0d0d0d,ff090909,ff0f0f0f,ff0b0b0b,ff0b0b0b
rdr2_hdr_off,36.37,ff101010,ff0e0e0e,ff0e0e0e,ff0d0d0d,ff090909,ff0f0f0f,ff0b0b0b,ff0b0b0b
